"place_id","name","rating","user_ratings_total","website"
"ChIJua78Y45QgUcR71j87b4QvIo","Centro Medico M.R.",3.9,28,"http://www.centromedicomr.it/"
"ChIJnWmKI3NRgUcRJLje1r0LvFQ","Centro Medico Polispecialistico Zendrini",1,1,"http://www.centromedicozendrini.it/"
"ChIJm_g0yJFQgUcR67VtA_LMfzU","Radiology and Physiotherapy Center Bergamo",4,79,"http://www.centroradiofisio.it/"
"ChIJmzaQyxZRgUcRd93PjzYenLg","LabQuarantadue | Ambulatori per cura sovrappeso e obesità, nutrizione e medicina estetica a Bergamo",1,1,"http://www.labquarantadue.com/"
"ChIJE44mXRFRgUcRMqTWWKAQRfI","Habilita San Marco Bergamo",3.3,36,"http://www.habilita.it/"
"ChIJ8ZxxLBkrfkcRkpllWLpTcM0","C.D.O. Centro Diagnostico Oftalmico",5,1,"https://www.cdoecografie.it/"
"ChIJm6yz0qfUf0cRnqir87fi87U","Diagnostic Center Cavour S.R.L.",3.3,37,"http://www.centrocavour.it/"
"ChIJFYo2C6vUf0cR5BKJQ6r_Slg","Centro Medico San Donato",4.2,17,"http://www.centromedicosandonato.it/"
"ChIJv1yF3qLUf0cR_4NlIMpxKsQ","Poliambulatorio Polo Diagnostico BODI - Bologna Diagnostica Internazionale",4.8,5,"http://circuitodellasalute.it/bodi-diagnostica-immagini-risonanza-magnetica-aperta-tac-bologna-emilia-romagna"
"ChIJqXvX1p_Uf0cRrW7Kl6I7ABQ","Clinic Ctr S.R.L.",3.4,26,"http://www.ctrpoliambulatorio.com/"
"ChIJD2D7_VfTf0cRzkjHmjGDiuQ","Medical Centers UniSalute",2.9,13,"https://www.centrimediciunisalute.it/"
"ChIJRdD916LUf0cRceRfmmjvwqE","Circuito Della Salute Piu'",4.2,15,"https://www.circuitodellasalute.it/"
"ChIJdxdD_gzUf0cRtjqQ6K5oKuY","Therapy Center Srl Ionoforetica",4.1,153,"https://www.ionoforetica.it/"
"ChIJP1mgt5DUf0cRvrP470de1Co","Clinic San Camillo - Opera San Camillo Foundation",3.2,33,"https://www.sancamillobologna.net/"
"ChIJJYZYAYXUf0cRX08nYERXQFA","Centro Medico Diagnostico Zanardi dei Lab. Clinici Stante srl",3,2,"http://www.labstante.it/web/laboratori-clinici/poliambulatorio-specialistico/"
"ChIJ16_TybbUf0cRbhJEh_mNJ_E","Medical Center Santagostino Bologna",3.4,28,"https://www.cmsantagostino.it/it"
"ChIJQ5uXLRkrfkcRP7xWlt64NMc","Medicina Bologna",5,1,"http://www.medicinabologna.it/"
"ChIJX7DTybbUf0cRONXRqIBPS1E","Centro Medico Specialistico Bolognese S.r.l.",5,4,"http://www.centromedicobo.it/"
"ChIJo-pgx2RUKhMRnCxnFVE7b0o","Ambulatori PAS Firenze Campo di Marte",3.2,6,"https://www.retepas.com/ambulatori/?utm_source=GoogleLocal&utm_medium=main_link&utm_campaign=CampodiMarte"
"ChIJfxumvSZRKhMR88Gzz1R8k4w","Centro Chirurgico Fiorentino - Analisi del sangue",4.3,3,"http://www.centrochirurgicofiorentino.it/"
"ChIJJ2hgGaZTKhMRVsWMnvCz_9Q","Toscano Medical Center",4.3,80,"http://www.cmt-firenze.it/"
"ChIJd54UVwxUKhMR-yWV-7h-Hdw","Leonardo da Vinci CDM Spa",3.1,19,"http://www.leonardodavincicdm.it/"
"ChIJCWJgAsPAhkcRfTLLflgCX2Q","CDI Italian Diagnostic Center - Pellegrino Rossi",3.4,9,"http://www.cdi.it/it/sedi/cdi_pellegrino_rossi.html"
"ChIJoT87_yLBhkcRgm-R4KpIJao","CDI Bionics Citylife",2,1,"http://www.cdi.it/it/sedi/cdi-citylife_it.html"
"ChIJ5Q398wnEhkcRdIpYTc_MseA","Delta Medica",5,2,"http://www.deltamedica.net/"
"ChIJk6kqTPDGhkcR4XV2eQ97mXs","Center Polispecialistico Pacini Srl",3.9,51,"http://www.polispecialisticopacini.it/"
"ChIJ5eerYDDEhkcRBDmaTsTyxSA","ASST Nord Milano - Poliambulatorio",2.5,10,
"ChIJ8cXarHnBhkcR6SD_nh0kSKA","Studio Diagnosis",2.3,31,"http://www.ricercadiagnostica.it/"
"ChIJ1V9aTVHGhkcR6pxId1Tz13U","Laboratorio analisi mediche Piave - Centro Prelievi Bianalisi",5,12,"http://www.bianalisi.it/"
"ChIJI7KSRH_PhkcRCO8KVa2GusY","Diagnostic Services Center S.R.L.",4.1,18,"http://www.centroservizidiagnostici.com/"
"ChIJUeh_bi_BhkcRJ0TA-Jetlkg","Ethos",4.5,2,"http://www.ethosnet.it/"
"ChIJkxKmyjrEhkcRoGAvyVWKaqs","Diagnofisic Srl",3.3,59,"http://www.diagnofisic.it/"
"ChIJRzE9jALEhkcRRlPb6Qi-vpQ","Centro Medico S. Sofia",4.5,2,"http://www.somed.mi.it/"
"ChIJ59a7k9jAhkcROsdZXl-RC44","Poliambulatorio ICP",2.5,44,
"ChIJZY2Yf13GhkcR2fuYORfnc7A","Polispecialistico Lambrate S.R.L.",4.2,17,"http://www.polispecialisticolambrate.it/"
"ChIJ6zwh-e7GhkcRPNIPVRJF2wk","Humanitas Medical Care Punto Prelievi Milano Lippi",3.7,3,"http://www.humanitas-care.it/"
"ChIJ5-pVRc_BhkcRuoljg4UX3IQ","Clinic Villa Esperia Milan",3.4,17,"https://www.villaesperiamilano.it/"
"ChIJNa6_t_nChkcR6bmjua0uo-w","Santagostino Buccinasco Medical Center",3.4,17,"https://www.cmsantagostino.it/"
"ChIJwYR2C9XDhkcRSxYIkvEObgQ","Spazio LILT Caterina da Forlì",4,68,"https://spaziolilt.mi.it/caterinadaforli"
"ChIJf1aLKCnBhkcRcuGZelgid4U","Biochimico Laboratorio Analisi Mediche",4,7,"http://www.biochimico.it/it/index.shtml"
"ChIJqcJzj-HDhkcRklmmqb-OyGo","Santagostino Foppa Medical Center",3,4,"http://www.cmsantagostino.it/"
"ChIJE4999xTBhkcRztqHI1fMwbg","Humanitas Medical Care",3.5,84,"http://www.humanitas-care.it/"
"ChIJY9CBga3bfkcRDZPYf1tzCBQ","RADIOLOGY CLINIC Ltd.",3.9,13,"http://www.radiologiaclinica.it/"
"ChIJx5eDyJjbfkcRsffsLdJyWRk","Radiological Center Guizza",3.7,17,"http://www.centrodiagnosticocastellano.it/"
"ChIJY_0h5qrbfkcRUWs__DyYfZY","Istituto Diagnostico Antoniano - Affidea",3.8,37,"https://www.affidea.it/i-centri/affidea-istituto-diagnostico-antoniano/"
"ChIJsePNr_nafkcRkxurpOOtO38","Surgery San Massimo Srl sampling and examinations",3.6,18,"http://www.ambulatoriosanmassimo.it/"
"ChIJKTRs3GXafkcR8sglBkTuaIE","Clinic S. Polo",3.5,12,"http://www.poliambulatoriosanpolo.it/"
"ChIJTR7476jCgEcR0ZGiRlAZf2Y","Imaging - Clinic Medical Center Diagnostic Imaging",4.2,13,"http://www.studiomedicoimaging.it/"
"ChIJCcdIj6pmLxMRWHIE4i4V-Mg","Istituto di Diagnostica Clinica PRODA",3.3,12,"http://www.istitutoproda.it/"
"ChIJ24QGkAJiLxMRvSxxxVaP68Y","Panigea - Cave Clinic Ltd.",3.3,86,"http://www.panigea.it/"
"ChIJq_h9n5pmLxMRgI7qOa3DwQ0","Istituto di Diagnostica Clinica PRODA",3.3,9,"http://www.istitutoproda.it/"
"ChIJRaQrfwxkLxMRITvDtX1p6NA","Poliambulatorio Talenti Srl - Analisi Cliniche e Medicina Polispecialistica",3.9,9,"http://poliambulatoriotalenti.it/"
"ChIJz7V0jFRgLxMRHH9dhBL3uSQ","Consultorio Prevenzione Donna",2.7,20,"http://www.donnaeprevenzione.it/"
"ChIJteNFGSJiLxMRJAi4xq1Ks2c","POLIAMBULATORIO TEMPESTA - Gruppo Sanitel (radiologia-analisi cliniche-risonanza magnetica aperta)",4.1,14,"http://www.grupposanitel.com/"
"ChIJnz_U48NhLxMRjdk5Wdm8X3w","Outpatient Radiology Messana Srl",3.7,3,"http://www.messanasrl.it/"
"ChIJ_eFvLFBgLxMRYmI4TUJXiAI","Studio Diagnostico Pantheon Srl",4.2,5,"http://www.studiodiagnosticopantheon.it/"
"ChIJFeytVXFhLxMRNNtIeWAM8yE","Scudosanitas srl",4.8,5,"http://www.scudosanitas.it/"
"ChIJj5VbPtVhLxMRcpQIkA-Zo_g","Diagnostic Center srl (Diagnostic Center Pigafetta)",3,60,"http://hcir.it/centro-diagnostico-ostiense"
"ChIJJyRWmAxiLxMRytctgD8bJrw","Poliambulatorio Tuscolano Athena",4.6,19,
"ChIJXeMODkxiLxMRYUTr7fV9Q3I","U.S.I. Collatino (ex Medical Acta)",3.3,4,"https://www.usi.it/centri/16/collatino"
"ChIJcZevfNyJJRMR3xcFzErf5gc","Centro Diagnostico NSL 1",3.6,14,"http://www.nslitalia.it/"
"ChIJlfV22GBhLxMRsuGbEIjNkPw","Diagnostica Lanciani",5,3,"https://www.diagnosticalanciani.it/"
"ChIJyToyemKLJRMRR5bzss6Qt8w","Bios Prevention srl",4.7,15,"https://www.biosprevention.it/"
"ChIJmzQnutmJJRMRpJFz59mxlj8","901Tuscolana Accertamenti Diagnostici S.R.L",4.9,14,"http://www.901tuscolana.com/"
"ChIJY8rwDfBfLxMRPR7A_syraYY","LDB - Laboratorio Diagnostico Bravetta",4.4,7,"http://www.laboratoriodiagnosticobravetta.it/"
"ChIJSdkSH1OKJRMRFxIu6lbuiUg","U.S.I. Eur-Serafico (ex Biomedical)",3.4,14,"https://www.usi.it/centri/3/eur-serafico"
"ChIJd77gsQ9kLxMRf2wdXnnfKko","Centro Medico Svevo S.R.L.",3,2,"http://www.urorua.it/centro-medico-svevo/"
"ChIJ2QOUFyhff0cRMyQ2d8ysbck","Diagnostic Center City of Verona",3,37,"http://www.grupposanfrancesco.it/"
"ChIJe-pfxPnhgUcRf4yNu4vS8As","Centro Medico Polispecialistico Saval",2.6,20,"http://cpspoliambulatorio.it/"
"ChIJNYgWJytZf0cRmzfmt4QF6UM","Studi Santa Chiara",4,27,"https://studisantachiara.jimdo.com/"
"ChIJhT4-FezhgUcR5PypSXQnI7g","Center Odontostomatologico Sacro Cuore Don Calabria",5,1,"http://www.sacrocuoredoncalabria.it/"
"ChIJn1hpp1HoRxMRwB5JPDKebMM","Planet Health Bari",3.8,27,"http://www.pianetasalutebari.it/"
"ChIJncqc6_foRxMRbotyv0k4VC4","Poliambulatorio VisMed Bari",4.7,40,"http://www.vismed.it/"
"ChIJhWujRmfoRxMRcbfHyem75Ts","Poliambulatorio Clinico Diagnostico ed Odontoiatrico",3.4,10,"http://www.servizisanitari.org/"
"ChIJZRj4vlLpRxMRdK_XbQDb-WU","Bari Poliambulatorio",5,22,"http://www.baripoliambulatorio.it/"
"ChIJ2W2oporoRxMRc4086KrT7_Y","Poliambulatorio Centro San Camillo Bari",4.4,22,"http://www.centrosancamillo.it/"
"ChIJ8xhtwvToRxMRReRJqCiNQ7M","Studio Grimaldi - Poliambulatorio - Centro Medico a Bari",4.4,9,"https://www.centromedicogrimaldi.it/"
"ChIJkQGNJHbpRxMRFlyn86IJ8FE","LZ MEDICA POLIAMBULATORIO - BARI",5,3,"https://www.lzmedica.it/"
"ChIJ24OBL07pRxMRyXTcBygtGs8","Poliambulatorio Medical Center",5,1,"http://medicalcenterbari.it/"
"ChIJ_T-dHxvpRxMRjZ9bJjbKPxw","Centro Mariposa",5,2,"http://www.centromariposa.it/"
"ChIJn71QC2roRxMRILt2DJ9hL0M","PugliaSalute Poliambulatori",4,2,
"ChIJ7_orXVLoRxMRdkYq9ON4wTA","Medica Sud",2.6,32,"http://www.medicasud.it/"
"ChIJs7YeYbXpRxMRP66TUvGKITg","Ambulatorio di Cardiologia",5,1,
"ChIJsS2aKpjoRxMRO4Grz-a3PBA","Orthopedic Trauma Center",5,1,
"ChIJE4bY21roRxMRdh35z-q9Too","Medicina 2000 s.r.l.",3.3,3,"http://www.medicina2000bari.it/"
"ChIJzQwMJf_oRxMRwXaE6OQHNPw","Ospedale Santa Maria del Gruppo Villa Maria",5,3,"http://www.gvmnet.it/medici"
"ChIJgS7PAgLpRxMRjk3AXDqINb4","Polymedic Studio Medico Polispecialistico",4.7,10,"http://www.polymedic.it/"
"ChIJj2rjk8VRgUcRAzHfDWtzxVQ","Centro Medico Panacea Poliambulatorio Specialistico",5,28,"https://www.centromedicopanacea.it/"
"ChIJE44mXRFRgUcRMqTWWKAQRfI","Habilita San Marco Bergamo",3.3,36,"http://www.habilita.it/"
"ChIJr8EFygRRgUcRI1RCsK0wYh0","Centro Medico Ananda - Poliambulatorio",5,1,"http://www.centroananda.eu/"
"ChIJ6YsKkjZQgUcRVFiKIQFYzlY","Fortimed Italia - Medicina del Lavoro e Poliambulatorio ad Azzano san Paolo",4.5,2,"http://www.fortimeditalia.it/"
"ChIJxWNWqAxRgUcRWsaB4-0SHgY","Poliambulatorio Athaena",4.6,11,"http://www.centroathaena.com/servizi/idoneita_sportiva.php"
"ChIJkeC81bRRgUcRrr6FHzk7k44","Centro Borgo Palazzo. Poliambulatorio medico per la donna",4.3,6,"http://www.centroborgopalazzo.it/"
"ChIJk9dVNbRXgUcRpAbC-7T0JqY","STUDIO DENTISTICO POLIAMBULATORIO LA VALLE SRL",5,1,"http://www.poliambulatoriolavalle.com/"
"ChIJr28LcX5RgUcRwm8iPVi7cyg","Volp.dental srl - Poliambulatorio Chirurgico Odontoiatrico",4,4,"http://www.volp.dental/"
"ChIJxWZu3Q5RgUcRUhzXlspJsZI","Studio odontoiatrico Dr. Vecchi & Vincenti",4,1,"http://www.studiovincentivecchi.it/"
"ChIJU1puLSlRgUcR4ANNdEA7D20","Poliambulatorio Medico Odontoiatrico Dalessandri",4.5,2,"https://www.studiodalessandri.com/"
"ChIJnWmKI3NRgUcRJLje1r0LvFQ","Centro Medico Polispecialistico Zendrini",1,1,"http://www.centromedicozendrini.it/"
"ChIJC2JyU9BTgUcRoqYZkeaG774","Selene Centro Medico",4,3,"https://selenecentromedico.it/"
"ChIJgYGZ6xFRgUcRBjpRqsY4su0","Fleming Srl",5,1,"http://www.flemingbergamo.it/"
"ChIJP1mgt5DUf0cRvrP470de1Co","Clinic San Camillo - Opera San Camillo Foundation",3.2,33,"https://www.sancamillobologna.net/"
"ChIJUVH8mkkrfkcRFHppTvXovkY","Poliambulatorio Mengoli",2.9,34,"http://www.ausl.bologna.it/ufficio-stampa/archivio-fotografico/strutture/poliambulatori/Poliambulatorio%20Mengoli.jpg/view"
"ChIJV78To4LTf0cRipGkoLiqovs","Poliambulatorio Lame",3.5,2,"http://www.ausl.bologna.it/iap_dati/view_site?id=14420"
"ChIJQ1Bj4KvUf0cRlTCMZ9IGg5E","Clinic Max Ivano Chersich",3.5,31,"http://www.ausl.bologna.it/iap_dati/view_site?id=15865"
"ChIJsyd_kTcrfkcRdFaFXScIKfc","Private Clinic San Domenico",4.2,9,"http://www.poliambulatoriosandomenico.com/"
"ChIJuZml_5TUf0cRXqe66TGNTnQ","Agresti Private Clinic Medical Center",4.1,7,"http://www.poliambulatorioagresti.it/"
"ChIJx-k2fKUsfkcRUxnlhtmINPs","Poliambulatorio Pilastro",5,1,"http://www.ausl.bologna.it/iap_dati/view_site?id=14486"
"ChIJt1vVqD4rfkcRMmFWSmvWoVQ","Poliambulatorio Carpaccio",2.6,5,"http://www.ausl.bologna.it/iap_dati/view_site?id=14326"
"ChIJyzFhdI3Uf0cR0yHGs-ccBNE","Poliambulatorio Saragozza",2.7,19,"http://www.ausl.bologna.it/iap_dati/view_site?id=14469"
"ChIJqXvX1p_Uf0cRrW7Kl6I7ABQ","Clinic Ctr S.R.L.",3.4,26,"http://www.ctrpoliambulatorio.com/"
"ChIJubJfu5nUf0cR04DtOxXVpsw","Poliambulatorio Montebello",2.8,26,"http://www.ausl.bologna.it/iap_dati/view_site?id=13937"
"ChIJF0Hf__LUf0cR5eQC2IYi6mQ","Saragozza Private Medical Centre",5,12,"https://www.polisaragozza.com/"
"ChIJv1yF3qLUf0cR_4NlIMpxKsQ","Poliambulatorio Polo Diagnostico BODI - Bologna Diagnostica Internazionale",4.8,5,"http://circuitodellasalute.it/bodi-diagnostica-immagini-risonanza-magnetica-aperta-tac-bologna-emilia-romagna"
"ChIJs7ZDDJ7Uf0cRB6LGV7EfXoU","Poliambulatorio Tiarini",2.1,21,"http://www.ausl.bologna.it/iap_dati/view_site?id=15790"
"ChIJ_6k5BkIrfkcR1B60v55i38A","Poliambulatorio medico privato Gratia Et Salus srl",5,2,"http://www.gratiaetsalus.it/"
"ChIJI83KEpDUf0cRYPsUsSW-Hd0","Clinic Descovich - Corcovado Srl",3.6,62,"https://www.descovich.it/"
"ChIJd_mFH4nUf0cRmyM4zGb0Jtg","Poliambulatorio Privato Centro Salus s.r.l.",4.5,2,"http://www.eyeproject.com/"
"ChIJOTZG9DkrfkcRJFdqZF47rik","Poliambulatorio Fisioterapik",4.1,10,"https://www.circuitodellasalute.it/poliambulatorio-fisioterapik-bologna-mazzini-san-lazzaro-terapie-convenzione-ssn"
"ChIJV1W3T8zUf0cRNnoJ0lJpDbo","Poliambulatorio Medico Gandino",5,4,"https://poliambulatoriogandino.com/"
"ChIJY17QVIRTKhMR5Td_Hk-cRiQ","Poliambulatorio Misericordia Badia a Ripoli",3.9,12,"http://www.misericordiadibadia.it/"
"ChIJwzIcBIVWKhMRo65ckX4l46A","Azienda USL Toscana Centro - Poliambulatorio Morgagni",3.2,28,"https://www.uslcentro.toscana.it/index.php/sedi-territoriali/581-sedi-territoriali-firenze/firenze-zona-centro/11074-firenze-quartiere-5-presidio-morgagni-casa-della-salute"
"ChIJyeZPSm1UKhMRdiYIz4sKbT0","Poliambulatorio UMA - Lifebrain Toscana",3.5,8,"https://www.lifebrain.it/lifebrain-toscana/centri-prelievo-firenze/"
"ChIJMxe6vmtUKhMRA4V7B4CbOp4","Poliambulatorio viale dei Mille",4,1,
"ChIJ7VuE_XdTKhMRgaNwF-ALkzo","Brotherhood Of Mercy Badia A Ripoli",4.3,15,"http://www.misericordiadibadia.it/"
"ChIJ1YdOft9XKhMRReMqdaeuwD4","Studio Medico Dalmazia",1,10,"http://www.studiomedicoaffrico.it/medicina-generale.php"
"ChIJWxJ8q4hWKhMRp9BBTSBdYqo","Venerabile Confraternita delle Misericordia di Rifredi",3.8,31,"http://www.misericordiarifredi.it/"
"ChIJv8ML3uVWKhMRMDQRgicpeeY","Ambulatori Della Misericordia Di Firenze - Novoli",3.1,10,"https://www.misericordia.firenze.it/ambulatori"
"ChIJe7dMpBJXKhMR_YPtEhczD_4","Ambulatori Medici",2.4,5,
"ChIJ3ZkHZrJWKhMRA9K2hsnLEzw","Distretto Santa Rosa 13 Lungarno",3.1,18,"http://www.uslcentro.toscana.it/"
"ChIJxbNM4YZWKhMRZOURNmUljDA","Centro Audiologico Toscano Snc",3.1,7,"https://www.centroaudiologicotoscano.it/"
"ChIJP1XxXwlRKhMR4QuU-7dOH5U","Ambulatori Della Misericordia Del Galluzzo",2.6,7,"http://www.misericordiagalluzzo.it/"
"ChIJ22fjq5ZWKhMRqalSobCkYQU","Ambulatorio ASL Ortognatodonzia",3,1,"http://www.aou-careggi.toscana.it/internet/index.php?option=com_content&view=article&id=3257&catid=123&lang=it&Itemid=909"
"ChIJp52ADsxWKhMRUIAOU7DAgVk","Ambulatori della Misericordia di Firenze",4.2,31,"https://www.misericordia.firenze.it/ambulatori"
"ChIJMyXUjNJWKhMRsUbaVztvF0s","P.A. Humanitas Firenze S.M.S.",4,1,"http://www.humanitasfirenze.it/"
"ChIJ1zJf3hwvRBMRqrFzrbdaIKE","Poliambulatorio Ex Vito Fazzi",3.4,16,
"ChIJKbjA3hwvRBMRXcIvJFn8H80","ASL e Poliambulatorio",4,1,
"ChIJO2R0ghsvRBMROwzXEGBRanU","Nursing Home Villa Bianca | Lecce Orthopedics",3.9,36,"http://www.villabianca.org/"
"ChIJGZGM5hwvRBMRFCdlmVrYtlY","ASL Section Di Lecce",2.6,10,"https://www.sanita.puglia.it/web/asl-lecce"
"ChIJFUEDdPwuRBMR6T47KUvGbXQ","Centro Diagnostico Salentino S.r.l.",5,8,"https://wa.me/390832344575"
"ChIJ77KnQSAvRBMRV32vgDWTqqQ","Laboratory analysis Pignatelli",2.6,59,"http://www.labpignatelli.it/"
"ChIJ29M9Dt0uRBMRjQMbVe5Oz60","Laboratorio Analisi Cliniche Dott.ssa Leopizzi",4.6,11,"http://www.labluchena.com/"
"ChIJsx2qbiDBhkcRhKNZbV0TLz8","Clinic physician and dental Jenner 73",4.2,13,"http://www.poliambulatoriojenner.it/"
"ChIJ855ALnnBhkcROLPP-bEnLyE","Opera San Francesco - Poliambulatorio",4.2,24,"http://www.operasanfrancesco.it/OSF/cosafacciamo/poliambulatorio.cfm"
"ChIJb6FWkefGhkcRnJqU-XpvSKk","ASST Nord Milano - Doria Clinic",2.3,65,
"ChIJs7A1BPDGhkcR_ECDu5tljBc","Trust Medical Poliambulatorio Bazzini",4.1,17,"http://trustmedical.it/"
"ChIJ5eerYDDEhkcRBDmaTsTyxSA","ASST Nord Milano - Poliambulatorio",2.5,10,
"ChIJHaHoTF_GhkcRXvuuwvyAe84","Poliambulatorio di via Clericetti",3.9,9,
"ChIJ2el6ATHBhkcRk6pItON_XR0","ASST NORD MILANO Poliambulatorio Farini",2.6,44,
"ChIJ59a7k9jAhkcROsdZXl-RC44","Poliambulatorio ICP",2.5,44,
"ChIJ3x4veF3FhkcRFR2wrPllKc0","Poliambulatorio di via Monte Palombino",3.3,3,
"ChIJfT_x0d_DhkcRfKsPO_8L_gc","ASST Nord Milano - Poliambulatorio",3.2,33,
"ChIJzd_tjR_BhkcRGfrpluudGgM","Poliambulatorio Cardinal Schuster",3.2,39,"http://www.hsr.it/chi-siamo/le-sedi/poliambulatorio-cardinal-schuster/"
"ChIJcxpg9dXDhkcRysZ6bFjrqLU","Poliambulatorio Centro Medico Italiano Milano",4.7,107,"http://www.visitemedichemilano.com/"
"ChIJh0ERHgbHhkcRpG6ezFYQO94","ASST Nord Milano - Clinic Don Orione",2.6,59,
"ChIJVSRBT_fDhkcRYIEOmhybZiE","ASST Nord Milano - Clinic",2.3,43,"http://www.icp.mi.it/gola"
"ChIJDSl0UnDBhkcRZvmml973mmg","Asst nord milano poliambulatorio Sassi",2.3,3,
"ChIJMyblYybChkcRjI5YpBf9V9A","Istituti Clinici di Perfezionamento - Poliambulatorio Inganni",2.3,11,
"ChIJ9X-JZM7BhkcRYHBQSQJ-YpE","Poliambulatorio Quarenghi",2.4,7,
"ChIJ5-pVRc_BhkcRuoljg4UX3IQ","Clinic Villa Esperia Milan",3.4,17,"https://www.villaesperiamilano.it/"
"ChIJYQxQycLGhkcRo2zTOoEqrSA","Andromeda Centro Medico - Poliambulatorio Specialistico di Milano",4.3,8,"http://www.andromedacentromedico.it/"
"ChIJKTRs3GXafkcRFeWLwevO7Lk","POLIAMBULATORIO ARCELLA",3.8,39,"https://www.poliambulatorioarcella.it/"
"ChIJh2O-4uTafkcRvZrHQfbVIMs","Poliambulatorio Me.La. Service",3.5,4,
"ChIJx5eDyJjbfkcRLygqXxrG_QQ","Poliambulatorio Padova Medica",2.3,16,"http://www.gruppoimed.it/padova-medica/"
"ChIJKTRs3GXafkcR8sglBkTuaIE","Clinic S. Polo",3.5,12,"http://www.poliambulatoriosanpolo.it/"
"ChIJ2y3n5qrbfkcRqAiLFyxjHbw","Affidea Poliambulatorio Morgagni",3.8,5,"https://www.affidea.it/i-centri/affidea-poliambulatorio-morgagni/"
"ChIJFbQiWZHZfkcRUXzi7WaKTUA","Poliambulatorio Sanfiori",5,1,
"ChIJ72htcMTbfkcRt4d62vsNLig","Poliambulatorio Sacra Famiglia",3.7,3,"http://www.poliambulatoriosacrafamiglia.it/"
"ChIJx5eDyJjbfkcRsffsLdJyWRk","Radiological Center Guizza",3.7,17,"http://www.centrodiagnosticocastellano.it/"
"ChIJ35flfpTbfkcRhHINxFp-4lg","Euganea Medical Clinic",2.6,9,"http://www.gruppodatamedica.net/categorie/poliambulatorio/"
"ChIJwZiMwV7afkcRHcFUnHFYnEM","Poliambulatorio Scrovegni-Med",5,4,"http://www.scrovegnimed.com/"
"ChIJ4dhQu73bfkcROO9-B5Cqu-M","Poliambulatorio Esculapio",5,1,"http://www.ambulatorioesculapio.com/"
"ChIJbd5pnaPbfkcRhA4QT8EyXzo","Poliambulatorio Iside",5,1,
"ChIJa7CyUEPafkcRVdU2XN1Mt7g","Poliambulatorio Giotto - Direttore Sanitario Pasqualetto Dr. Ruggero",3.3,3,
"ChIJgXOh6TDafkcRYB1NQHoU_FM","Benetazzo Dott.Ssa Ilaria C/O Poliambulatorio Magenta",5,1,"http://www.medicinaesteticalaserpadova.it/"
"ChIJAyjpeCPXfkcRshNd1Z1AMt8","Fisiored Fisioterapia e Poliambulatorio",5,7,"http://www.fisiored.it/"
"ChIJcZjMIObbfkcRmIEjIAVj8Qk","ATIP Centro di Medicina Iperbarica e Poliambulatorio",5,1,"http://www.atipcentroiperbaricopadova.it/"
"ChIJg7afXfvngEcRZdYF5hqGEFY","Poliambulatorio Medico Chirurgico Pulzoni",5,16,"http://www.poliambulatoriopulzoni.com/"
"ChIJSz7pSOPngEcRuifzk0e1WOo","Centro Lusenti Srl - Poliambulatorio Baia del Re",2.8,10,"http://www.centrolusenti.com/"
"ChIJdZPcSFrdgEcR9yij2qonOGY","Centro Diagnostico Redi Srl",3,5,"https://www.lifebrain.it/laboratorio/cd-redi/"
"ChIJTR7476jCgEcR0ZGiRlAZf2Y","Imaging - Clinic Medical Center Diagnostic Imaging",4.2,13,"http://www.studiomedicoimaging.it/"
"ChIJY1qvvkLdgEcR8QrwUpvHdJg","Centro Fisioterapico e Poliambulatorio Ettore Ughetta",5,3,"https://www.fisioterapiaughetta.com/"
"ChIJEW6qHCTdgEcR7lC97_745Ik","Poliambulatorio Health",5,7,"http://www.healthmedical.it/"
"ChIJMTadZEzdgEcRISVw6KvnHgA","Poliambulatorio Salus",5,3,"http://www.facebook.com/pg/PoliambulatorioSalusPiacenza/"
"ChIJA6OR0-PngEcRoqLHUKwQeTc","Kinesis S.r.l.",2.3,3,"http://www.kinesis-pc.it/"
"ChIJe1ApdbrdgEcRNrXhHco6vCU","Poliambulatorio Clinica Mobile",5,1,"https://www.policlinicamobile.it/"
"ChIJV75loQPogEcRmtK1hkEkAZ4","Imaging | Poliambulatorio Medico Centro Diagnostica per Immagini",5,2,"http://www.studiomedicoimaging.it/"
"ChIJORaM2arCgEcRVyRN4HzRQMc","Nuova Sicurezza Lavoro S.R.L.",3.6,9,"http://www.nuovasicurezzalavoro.it/"
"ChIJEUtXs7TCgEcR4m6kdfqHSx0","Palestra Prof. Eliseo del Forno",4.1,28,"http://www.poliambulatoriodelforno.com/"
"ChIJf6biGzLdgEcR2vo3Zm6KZtY","STUDIO AURA Soc. Coop.",5,2,"https://studio-aura-soc-coop.business.site/"
"ChIJ659cZ8CR1RIRg2IPJrmQIZw","Azienda USL Toscana Nord Ovest",2.6,38,"http://www.uslnordovest.toscana.it/"
"ChIJP_CwVYGR1RIRoVLJjHogOK0","Studio Medico San Giusto",5,1,"http://www.farmaciecomunalipisa.it/?page_id=657"
"ChIJg4PQ5eeR1RIRBzit4XT6CtQ","Ambulatorio Medico",3.3,4,
"ChIJaZJZFseR1RIRHlFBqLSrjP4","BIOMEDICAL CENTRO MEDICO",3.9,21,"http://www.centromedicopisa.it/"
"ChIJZWl6FQuR1RIRJJi8F72syZ8","Universe Health - Pisa",3.7,3,"https://www.universosalute.eu/"
"ChIJWdR47ruR1RIR_3AxlKwhTxo","Studi Medici",3.4,14,"http://www.farmaciecomunalipisa.it/?page_id=657"
"ChIJx3ZCI2iR1RIRm1BAjI1kQ0I","Studio medico CEP",3.5,2,"http://www.farmaciecomunalipisa.it/?page_id=657"
"ChIJ6weV5xNhLxMRM-cIswZHbEg","ASL Roma 1 - Poliambulatorio",2.9,53,"http://www.aslroma1.it/presidi-territoriali/poliambulatorio-tagliamento"
"ChIJqXZXeMJgLxMRtoJvmDc5R00","Poliambulatorio Apollodoro",4,8,"http://www.poliambulatorioapollodoro.it/"
"ChIJJ9Xp0exhLxMRHRGUSIr-W7c","Cavalcanti Radiology - Clinic",3.6,13,"https://www.radiologiacavalcanti.it/"
"ChIJEzJDbndhLxMRsZ2soVojpQY","Poliambulatorio MedSalus Prevenzione",4.8,8,"http://medsalusprevenzione.it/"
"ChIJJyRWmAxiLxMRytctgD8bJrw","Poliambulatorio Tuscolano Athena",4.6,19,
"ChIJ24QGkAJiLxMRvSxxxVaP68Y","Panigea - Cave Clinic Ltd.",3.3,86,"http://www.panigea.it/"
"ChIJRaQrfwxkLxMRITvDtX1p6NA","Poliambulatorio Talenti Srl - Analisi Cliniche e Medicina Polispecialistica",3.9,9,"http://poliambulatoriotalenti.it/"
"ChIJ8YmipKNhLxMRn3dc2s59rN8","San Raffaele Termini - Poliambulatorio Specialistico",3.2,61,"http://www.poliambulatorisanraffaele.it/it/sedi/san-raffaele-termini/"
"ChIJ-xIwRQxkLxMRnCrHe7eEC2Q","Poliambulatorio ""Rovani""",3.3,16,"http://www.aslroma1.it/presidi-territoriali/poliambulatorio-largo-rovani"
"ChIJteNFGSJiLxMRJAi4xq1Ks2c","POLIAMBULATORIO TEMPESTA - Gruppo Sanitel (radiologia-analisi cliniche-risonanza magnetica aperta)",4.1,14,"http://www.grupposanitel.com/"
"ChIJ78Td905iLxMRkWVSJilBses","Poliambulatorio Bresadola Distretto II",2.9,15,"http://www.aslromab.it/cittadini/distretti/Descrizione_ambulatori/2d_bresadola.php"
"ChIJv3_F9x1iLxMRJA6mNEsTPG8","Poliambulatorio Via Nocera Umbra",1.9,39,"http://www.aslroma2.it/index.php/strutture/poliambulatori"
"ChIJDVLGFDZhLxMRS9DLK6xKPYQ","Etimedica Poliambulatorio",5,12,"https://etimedica.it/"
"ChIJFVkRHOOKJRMRTZhAkcQ96q8","Poliambulatorio EUR ACISMOM",3.3,4,"https://sanita.acismom.it/poliambulatorio-eur/"
"ChIJvUqdH3NkLxMR9Og8LzRvC7c","Loft poliambulatorio",4,6,"http://www.loft.rm.it/"
"ChIJG4Q38eRlLxMRem55ItP7qxU","G.S.C. SRL - Poliambulatorio",5,1,
"ChIJa7WcU3ViLxMRgypytUFJxIw","San Raffaele Tuscolana - Poliambulatorio Specialistico",3.2,40,"http://www.poliambulatorisanraffaele.it/it/sedi/san-raffaele-tuscolana/"
"ChIJzdOL95ZhLxMR1WPncuRbxng","Clinic Asl Roma 1",2.7,39,"http://www.aslroma1.it/presidi-territoriali/poliambulatorio-luzzatti"
"ChIJJ9YMFp1ff0cR4E3CpsPS660","Poliambulatorio Specialistico Verona",3.4,15,"http://www.polispecialisticoverona.it/"
"ChIJ5ZZSfg1ef0cRAmhtyDaTl-w","Poliambulatorio Vita",3.4,5,"http://www.poliambulatoriovita.it/"
"ChIJZ88BNTXjgUcR5u9YsJS0srw","Poliambulatorio Studio D'Aloja, Studio Odontoiatrico",4.5,6,"https://www.studiodaloja.it/"
"ChIJa-mqm9def0cR2fXVEZnlMgM","Poliambulatorio Terapie Fisiche Dott.Ssa Micol Zanzarelli",3.8,5,
"ChIJdRTN4M9ef0cRiEQEc-4Vt5U","Fisiolab Poliambulatorio di Fisiokinesiterapia",4.3,6,"http://www.fisiolab.it/"
"ChIJJ1kpFGHggUcR11QlBbpIzr0","Poliambulatorio Centro Dentistico Don Bosco",5,27,"http://www.poliambulatoriodentisticodonbosco.com/"
"ChIJpfKfK-7hgUcRraFBuSP6Ypw","Poliambulatorio Nicolis Ventorre - Studio dentistico",4.5,2,"http://www.nicolisventorre.it/"
"ChIJE2wla5dff0cRSfwOiXSxgxc","Poliambulatorio Odontoiatrico ""Copernico""",4.8,6,"http://poliambulatoriocopernico.com/"
"ChIJXZ-RMN7hgUcR4hRTPzFHyIQ","New Life Ambulatori",4.6,5,"http://www.newlifeambulatori.com/"
"ChIJNYgWJytZf0cRmzfmt4QF6UM","Studi Santa Chiara",4,27,"https://studisantachiara.jimdo.com/"
"ChIJIbeC1CfigUcRSbjneT5whlc","Cliniche Santa Sofia",3.5,15,"http://www.clinichesantasofia.com/"
"ChIJD5ceO7pef0cRLagCnUAOXVE","CMP San Michele",5,2,"https://cmpsanmichele.it/"
"ChIJoam6RQfigUcRNlPXPzn5Ui0","STUDIO MEDICO PINDEMONTE",3,1,"http://www.studiomedicopindemonte.it/"
"ChIJe-pfxPnhgUcRf4yNu4vS8As","Centro Medico Polispecialistico Saval",2.6,20,"http://cpspoliambulatorio.it/"
"ChIJ2QOUFyhff0cRMyQ2d8ysbck","Diagnostic Center City of Verona",3,37,"http://www.grupposanfrancesco.it/"
"ChIJhT4-FezhgUcR5PypSXQnI7g","Center Odontostomatologico Sacro Cuore Don Calabria",5,1,"http://www.sacrocuoredoncalabria.it/"
"ChIJqez_wVDoRxMRV_kJWDRJ5OQ","Centro Medico Medialife Srl",5,3,"http://www.cmmbari.it/"
"ChIJhWujRmfoRxMRcbfHyem75Ts","Poliambulatorio Clinico Diagnostico ed Odontoiatrico",3.4,10,"http://www.servizisanitari.org/"
"ChIJ8xhtwvToRxMRReRJqCiNQ7M","Studio Grimaldi - Poliambulatorio - Centro Medico a Bari",4.4,9,"https://www.centromedicogrimaldi.it/"
"ChIJ2W2oporoRxMRc4086KrT7_Y","Poliambulatorio Centro San Camillo Bari",4.4,22,"http://www.centrosancamillo.it/"
"ChIJn1hpp1HoRxMRwB5JPDKebMM","Planet Health Bari",3.8,27,"http://www.pianetasalutebari.it/"
"ChIJmeQdP_noRxMR4AoPArNivDg","San Luca Medical Center",4.2,16,"http://www.procreare.it/"
"ChIJiY-0_WfoRxMRNwfUdpxNh40","Medicina Estetica Visicchio",5,1,"https://medicina-estetica-visicchio.business.site/"
"ChIJDxOr6-fpRxMR-VPPqi_pAhs","Centro Medicina e Estetica Charis | Centro Estetico |Consulenza Gratuita | Bari",5,5,"https://farmalabo.com/"
"ChIJS4-OFGjoRxMRgPQFPwBYM10","Urologo Prof. Francesco Paolo Selvaggi",5,4,"http://www.selvaggifrancescopaolo.it/"
"ChIJcy3fyPvoRxMRI73P4TOBREc","Oculistica",5,1,
"ChIJbe4DNw_pRxMRcK3oemkMi_s","Medicina Estetica Bari - Dott.ssa Frascolla",5,37,"http://www.esteticabari.com/"
"ChIJkwWReFHoRxMRXBfdySKPSRI","Di Gesu' Studio Medico Oculistico",5,1,
"ChIJ24OBL07pRxMRyXTcBygtGs8","Poliambulatorio Medical Center",5,1,"http://medicalcenterbari.it/"
"ChIJm_g0yJFQgUcR67VtA_LMfzU","Radiology and Physiotherapy Center Bergamo",4,79,"http://www.centroradiofisio.it/"
"ChIJua78Y45QgUcR71j87b4QvIo","Centro Medico M.R.",3.9,28,"http://www.centromedicomr.it/"
"ChIJeWC7W9lQgUcRPA6Q1Mfyjos","Centro Medico San Luca",2.8,9,"https://www.centromedicosanluca.net/"
"ChIJGRh46hFRgUcR90D_6OXpU6M","WoCare - studio medico & ostetrico",4.2,5,"http://www.wocare.it/"
"ChIJnWmKI3NRgUcRJLje1r0LvFQ","Centro Medico Polispecialistico Zendrini",1,1,"http://www.centromedicozendrini.it/"
"ChIJC2JyU9BTgUcRoqYZkeaG774","Selene Centro Medico",4,3,"https://selenecentromedico.it/"
"ChIJr8EFygRRgUcRI1RCsK0wYh0","Centro Medico Ananda - Poliambulatorio",5,1,"http://www.centroananda.eu/"
"ChIJbSPjcnlTgUcRFnvMwq9gkgs","Centro Medico Physica",5,1,"https://www.centromedicophysica.it/"
"ChIJu8POUaRRgUcRkWWrqZgd-Ak","Mterapica Centro Medico",5,1,
"ChIJ8z9e_oFQgUcRJH4iH6Zh55k","St. Joseph Medical Center",3.8,5,"https://www.centromedicosangiuseppe.com/"
"ChIJ9ZeXZo5QgUcRnT62dtoFokA","Chiropratico Bergamo Dr Clementoni Andrea Centro di Radiologia e fisioterapia Centro Medico",5,2,"http://www.ilchiropratico.it/"
"ChIJj2rjk8VRgUcRAzHfDWtzxVQ","Centro Medico Panacea Poliambulatorio Specialistico",5,28,"https://www.centromedicopanacea.it/"
"ChIJD0qb-QhRgUcRfxNOfJfHV38","Methodo Medical Center",3.6,8,"http://www.methodomedicalcenter.it/"
"ChIJ25MHesBRgUcRc6z4qvjHW_E","Doryan Medicina Estetica",5,9,"https://www.doryanclinic.com/?utm_source=GoogleMyBusiness&utm_medium=organic"
"ChIJyzLZs3tRgUcRIDIKItQ3jqQ","Studio Medico Dr. Stefania Mazza",4.3,10,"http://www.studiomedicomazza.com/"
"ChIJ4bd2sBdUKhMRQuOmWFSOymY","Studio Medico Fra' Bartolomeo",5,2,"http://www.studiomedicofrabartolomeo.it/"
"ChIJlRuDdgNUKhMRCHEsGcx0V9I","Centro Medico Eudermico Italiano (FIRENZE)",4.7,14,"http://www.cmeit.it/"
"ChIJv_BUpH9TKhMR-EpIAdOY9Zo","MEDICAL CENTER EUROPE SRL",4,2,"http://www.centromedicoeuropa.it/"
"ChIJ__-vsJdWKhMRropN1isAP74","Centro Medico Florentia",5,2,"http://www.centromedicoflorentia.it/"
"ChIJJ2hgGaZTKhMRVsWMnvCz_9Q","Toscano Medical Center",4.3,80,"http://www.cmt-firenze.it/"
"ChIJ8XxWdY5WKhMRpcCUXrNcA4w","Florence Medical Center",5,39,"https://florencemedicalcenter.it/"
"ChIJyc4BW4JTKhMR3lex4cEIA38","Centro Medico Firenze MediSalus - Medicina Dello Sport",4,7,"http://www.medisalus.it/"
"ChIJGcjwp-dWKhMRkMbvnjAh46Y","Centro Medico",3,3,
"ChIJuUy3umlUKhMRk9Uw63OxcEs","Light Clinic - Fitness Club",4.4,9,"http://www.lightclinic.it/"
"ChIJo-pgx2RUKhMRnCxnFVE7b0o","Ambulatori PAS Firenze Campo di Marte",3.2,6,"https://www.retepas.com/ambulatori/?utm_source=GoogleLocal&utm_medium=main_link&utm_campaign=CampodiMarte"
"ChIJI7tYgqhWKhMR6dFVIumNIbA","Medi Center (S.R.L.)",3.9,16,"http://www.medicenteritalia.it/"
"ChIJs5IrNnRUKhMRN4jDN2zAvmw","Centro Medico Fisioterapico G. Da Verrazzano",5,1,"http://www.fisioterapia-daverrazzano.com/"
"ChIJK5WaZYJTKhMRzzaMQAcPmmU","CMO - Centro di Medicina Osteopatica e Terapie Integrate",5,2,"http://www.cmosteopatica.it/"
"ChIJP4uyilUuRBMRzyiEuHMKwnk","AR Radiology Srl",3,4,"http://www.aradiologysrl.com/"
"ChIJN5QubO8uRBMRI-1UZOq2ny8","Fisioterapia Campanella",5,2,"http://www.fisioterapiacampanella.it/"
"ChIJdzPTywQvRBMRpnaEvFk4IEU","Studio Galluccio",5,1,"http://www.studiogalluccio.org/"
"ChIJZTfgxIouRBMRvEgJm3VLhtw","Polismail",4.2,5,"https://www.polismail.it/"
"ChIJs6C6nPcuRBMRm3ZiDoJBEaw","Centro Medico Odontoiatrico Dott.ri Mario e Michele Benegiamo",3,1,"http://www.studiomariobenegiamo.com/"
"ChIJQc0V-AuhRxMRyG5tCnxGPA8","Centro medico Epion - Studi Medici e Sanitari",5,2,"http://www.studiepion.it/come-arrivare-allo-studio-medico-e-sanitario-epion"
"ChIJzxmTJQMvRBMRftyvb5d7Bss","centro salute mentale",5,1,"https://www.sanita.puglia.it/ricerca_det/-/journal_content/56/25176/c-s-m-lecce"
"ChIJ6QHKblQuRBMRrD1GHmbSO_o","Di Cillo Medical Group",5,1,
"ChIJhSy4zCEvRBMRcZpR4e2oMQ4","Pignatelli Centro Medico",1,2,
"ChIJ08wTL9YuRBMRh-F3hHROF5k","Centro Veterinario Lupiae",5,7,"https://centro-veterinario-lupiae.business.site/"
"ChIJ_Q0yQfQuRBMRw19OkwfXioU","Studio Medico Associato Lupiae",5,2,"https://studiomedicolupiae.wixsite.com/medicinagruppolupiae"
"ChIJ8YeF7wbEhkcR-_B_wPp6oQw","Centro Medico Futura",4.5,15,
"ChIJKSx0ElLBhkcRznxCeZsGEfw","Centro Medico Santagostino Cadorna",3.7,3,"https://www.cmsantagostino.it/"
"ChIJve_vgWPDhkcRQfFrikHAFRI","Centro Medico Santagostino (civico 18)",2,1,"https://www.cmsantagostino.it/"
"ChIJeXSdCK3DhkcR2eSo5Hndnis","Centro Medico Santagostino Barona - Punto prelievi",5,1,"https://www.cmsantagostino.it/"
"ChIJRw_E_s3GhkcRL1_y6rq4AHw","Lombard Medical Center",4.9,127,
"ChIJhfJ8mMfGhkcRX5Hb5N0bTbw","Medical Center Santagostino Republic",2.8,90,"http://www.cmsantagostino.it/"
"ChIJ6wiiYWfBhkcRUpaOrClhGRU","Medical Center Santagostino Corso Vercelli",3.1,42,"https://www.cmsantagostino.it/"
"ChIJ2RX9DE3BhkcRnKxn8S8Mqr8","Santagostino Cairoli Medical Center",4.1,19,"http://www.cmsantagostino.it/"
"ChIJ7zC4YsfGhkcRPnfM0D7JQlU","Medical Center Santagostino Porta Venezia",3.7,6,"https://www.cmsantagostino.it/"
"ChIJYbIeTP3DhkcR47D0C4TE2lw","Centro Medico Santagostino - Punto Prelievi",2.9,172,"http://www.cmsantagostino.it/"
"ChIJqcJzj-HDhkcRklmmqb-OyGo","Santagostino Foppa Medical Center",3,4,"http://www.cmsantagostino.it/"
"ChIJZ1OCkQbHhkcRue--H85s-VM","Centro Medico Santagostino Cimiano - Punto prelievi",2.8,23,"https://www.cmsantagostino.it/"
"ChIJhb26sM_GhkcRQQUJuLKXAxI","Centro Medico Milano Unisalus",4.3,44,"http://www.centromedicounisalus.it/"
"ChIJlcz7mDjBhkcRcM1bP4Pz6Y8","Centro Medico Sempione",5,6,"http://www.centromedicosempione.it/"
"ChIJNa6_t_nChkcR6bmjua0uo-w","Santagostino Buccinasco Medical Center",3.4,17,"https://www.cmsantagostino.it/"
"ChIJVVUROJPGhkcRMknE5IeKsyY","Medical Center Santagostino Città Studi",2.8,21,"https://www.cmsantagostino.it/"
"ChIJVeJBmKnbfkcRLn-YWWvMvqA","Serena Medical Center",3.2,10,"http://www.studiomedicoserena.it/"
"ChIJAVjAcUrafkcRt1icbIUSXKE","Centro Medico Vesalio Centro Odontoiatrico Dr Finotti",4.4,33,"http://www.centromedicovesalio.it/"
"ChIJs0cBWTTafkcR-VL99AiXNGc","Medical Center - Padova",2.8,8,"https://padova.centrodimedicina.com/"
"ChIJb-gspEvbfkcRNSHKudm9oMI","Artemisia Medica S.r.l.",4.2,18,"https://www.artemisiamedica.it/about/"
"ChIJTcCpH1LafkcREO76BpP4BhQ","Dott.ssa Daniela Cosma - Studio Medicina Estetica, medico estetico, ac. ialuronico, Padova",4.4,7,"http://www.guidaestetica.it/estetica-dottssa-daniela-cosma-vestetica-134409.html"
"ChIJHZxtHO_afkcRff6E_yYjrGY","Clinic Villa Maria",3,5,"https://padova-via-pellizzo.centrodimedicina.com/"
"ChIJKTRs3GXafkcRFeWLwevO7Lk","POLIAMBULATORIO ARCELLA",3.8,39,"https://www.poliambulatorioarcella.it/"
"ChIJq0ZBlDDafkcRsBcRc1X6Zl0","Medical Center Physiotherapy Magenta",3.7,15,"https://centromagenta.it/"
"ChIJdeHbQ7XbfkcRoi5XrZfsgyM","Clinica Trieste Centro Medico Foniatria",5,1,"http://www.centrofoniatria.it/"
"ChIJUym30T_bfkcR7NU5Z4vu2cE","Vene Varicose Padova - dr.Tognin e dr.ssa Pelizza",5,2,"http://www.venevaricosepadova.it/"
"ChIJzTFtQJPbfkcRXiBPgZ8viVQ","Poliestetica Pignatelli",5,19,"https://poliesteticapignatelli.com/"
"ChIJh2O-4uTafkcRvZrHQfbVIMs","Poliambulatorio Me.La. Service",3.5,4,
"ChIJf24CRkrafkcRpXaNXnxw5Xs","Dott. Accordi, Medicina Estetica",4.3,6,"http://www.medicinaesteticaaccordi.it/"
"ChIJa7CyUEPafkcRVdU2XN1Mt7g","Poliambulatorio Giotto - Direttore Sanitario Pasqualetto Dr. Ruggero",3.3,3,
"ChIJL3unfP_afkcRq0UUrjvhYbc","Dott. Fabio Iacoponi -Medicina Estetica",4,4,"http://www.iacoponifabio.it/"
"ChIJTbPIafzngEcRVswde2FYN9I","INACQUA CENTRO MEDICO E TERMALE",3.2,21,"http://inacquacentromedico.com/"
"ChIJx-3Vpc7CgEcRXfU3Dz_U5Mc","Centro Medico Riabilitativo Rocca",3.8,16,"http://www.centromedicorocca.it/"
"ChIJV75loQPogEcRmtK1hkEkAZ4","Imaging | Poliambulatorio Medico Centro Diagnostica per Immagini",5,2,"http://www.studiomedicoimaging.it/"
"ChIJg7afXfvngEcRZdYF5hqGEFY","Poliambulatorio Medico Chirurgico Pulzoni",5,16,"http://www.poliambulatoriopulzoni.com/"
"ChIJu4ee7frngEcRsXvpX5Z5kKM","Dental Piacenza Srl",5,1,
"ChIJTR7476jCgEcR0ZGiRlAZf2Y","Imaging - Clinic Medical Center Diagnostic Imaging",4.2,13,"http://www.studiomedicoimaging.it/"
"ChIJs8XsVfXngEcRSBSNXgWtpQM","Studio Medico Dott Imbesi",3,1,
"ChIJj9CSPaTdgEcRwbZiwnloHmw","Studio Medico Dott. Francesco Giangregorio",4.2,5,
"ChIJdQ_dyofdgEcRcpDNHpeluuw","Studio Medico Sportivo Dott. De Pietro Raffaele",5,8,"https://www.medicosportivodepietro.com/"
"ChIJSz7pSOPngEcRuifzk0e1WOo","Centro Lusenti Srl - Poliambulatorio Baia del Re",2.8,10,"http://www.centrolusenti.com/"
"ChIJaZJZFseR1RIRHlFBqLSrjP4","BIOMEDICAL CENTRO MEDICO",3.9,21,"http://www.centromedicopisa.it/"
"ChIJL8eJoAmR1RIRyEINeQj2SDM","Centro Medico Chirurgico Esculapio",4.1,15,"http://www.esculapiopisa.it/"
"ChIJlfmvbbCR1RIRzxGAfp0TTn4","Azienda USL Toscana Nord Ovest - Consultorio Pisa",4,7,"http://www.uslnordovest.toscana.it/trasparenzausl5/www.usl5.toscana.it/bk/indexc770.html?option=com_content&view=article&id=13731:consultorio-giovani-pisa-via-torino&catid=179:consultorio"
"ChIJP_CwVYGR1RIRoVLJjHogOK0","Studio Medico San Giusto",5,1,"http://www.farmaciecomunalipisa.it/?page_id=657"
"ChIJezIVRW2R1RIR3gNOrjP9Y7k","Studio Medico Andrea Pisano",3,2,
"ChIJWz2KZqKR1RIRdLmtjfJXtEU","Chiara Di Vanni - SYNOPSIS Centro di Psicologia Clinica e di Comunità",5,1,"http://www.synopsis-psicologia.it/"
"ChIJYxO7-52V1RIR6i_9LqVXcRg","Evangelista Prof. Giuseppe",1,1,
"ChIJK9ceqmmR1RIRbloYwg_Njjo","Centro Il Grillo Parlante",5,1,"https://www.centroigp.it/"
"ChIJXRDyoAmR1RIRNASr3zyZe90","Centro Medico Estetico Dott.Andrea Mirandoli",3,2,
"ChIJBzQar8mR1RIRtUaQgaN3nW4","A.I.E.D.",3.5,4,"http://www.comune.pisa.it/aied/"
"ChIJx3ZCI2iR1RIRm1BAjI1kQ0I","Studio medico CEP",3.5,2,"http://www.farmaciecomunalipisa.it/?page_id=657"
"ChIJmf8SfxFkLxMRQj2RJGii9P8","Titian Service Srl",3.3,30,"https://www.centromedicotiziano.it/"
"ChIJKTqoLl6KJRMRt3KGOxAp__s","Centro Medico Michelangelo Srl",3.8,13,"http://www.centromedicomichelangelo.it/"
"ChIJ6UL8SUViLxMRZGC39XxTbBQ","mp salute - studio medico",5,12,"http://mpsalute.it/"
"ChIJqSGvL7NmLxMRHFfli-xrPKA","Centro medico Iris Italia",4,2,"http://www.centromedico-irisitalia.org/"
"ChIJ1QOFlQlhLxMRhvmvxA1lJJs","Centro Medico Castelfidardo",5,1,
"ChIJRwqc46mKJRMR2I_Bu3k7LJs","Studio medico Monteverde",3.7,3,"http://www.studiomedicomonteverde.it/"
"ChIJ95ecbFhgLxMRbpmd0zijU1M","Laser Light - Centro Medico Polispecialistico Roma",3.7,3,"https://www.laserlight-roma.it/"
"ChIJK35QJdqJJRMRS9gH-gIk5eE","Centro Medico Eikon",4.5,2,"http://www.centromedicoeikon.it/"
"ChIJC2JkfSFgLxMREKqHydKgS9I","Studio MedicoM",4.7,34,"http://www.studiomedicom.it/wp/"
"ChIJE4hLDutgLxMR_PURRIemgJA","Vignola Centro Medico",2.5,2,"http://vignolacentromedico.com/"
"ChIJbS5HZD1gLxMRedADH_qY8yc","Centro Medico Fisiokinesiterapico",4.8,4,
"ChIJi7cgI2VjLxMRXMo2KxE2HTk","Centro medico Colaiaco",3,1,
"ChIJQ7zM8W9hLxMR20DxMPNA8zg","Studio Medico Villa Massimo di Alfredo prof. Covotta",5,3,"http://www.alfredocovotta.it/contatti/"
"ChIJB8IYDx5hLxMR1QO2fm4LncM","Centro Medico Parioli",4.1,7,"http://www.centromedicoparioli.it/"
"ChIJq7FrrXFhLxMRnPzgT7DoUKs","Centro Medico Villa Massimo",4,8,"http://www.centromedicovillamassimo.it/"
"ChIJVyMZFV5iLxMROIwSFd-d6Pk","Studio Medico Aloè Roma",4.7,23,"http://www.studiomedicoaloe.it/"
"ChIJn74TiSaIJRMRZvsOw96QjTM","Centro Medico Priority GM",5,1,"http://centromedicoprioritygm.it/"
"ChIJe-pfxPnhgUcRf4yNu4vS8As","Centro Medico Polispecialistico Saval",2.6,20,"http://cpspoliambulatorio.it/"
"ChIJh2vo0u7hgUcRwVXpzduUn8o","Centro Medico Sociale ""Claudio Santi""",5,1,"https://www.sacrocuore.it/Reparti/Area-Riabilitativa/"
"ChIJLUkrMYnhgUcRkooEb9rj_Gg","CEMS srl",3.6,90,"http://www.cemsverona.it/"
"ChIJD0LGjRpgf0cRQARRv5ZU_l8","Studio Medico dott. Buonocore Vittorio",5,9,
"ChIJNYgWJytZf0cRmzfmt4QF6UM","Studi Santa Chiara",4,27,"https://studisantachiara.jimdo.com/"
"ChIJZeorWibggUcRSWkcx9XF4e4","Stop Nicotina Centro Antifumo",4.4,7,"http://www.stopnicotina.com/"
"ChIJd5wCYKtYf0cRuzpCIEGT1bw","Centro Gastroscopia Verona Borgo Milano - Indolore Transnasale",4.7,3,"https://www.eccellenzamedica.it/centri/verona-borgo-milano/gastroscopia"
"ChIJZxosSwhef0cRRsN77VW7OB4","Genesis Medical Rehabilitation Center",5,56,"http://www.centromedicogenesi.it/"
"ChIJJ9YMFp1ff0cRALPIBu8jUPY","Gynepro Verona",5,1,"http://www.gynepro-verona.it/"
"ChIJY04Z3qBff0cRtqitSiBNLDY","MediBeProject",5,6,"http://www.medibeproject.it/"
"ChIJD5ceO7pef0cRLagCnUAOXVE","CMP San Michele",5,2,"https://cmpsanmichele.it/"
"ChIJoam6RQfigUcRNlPXPzn5Ui0","STUDIO MEDICO PINDEMONTE",3,1,"http://www.studiomedicopindemonte.it/"
"ChIJlZKObNBef0cR3b6OL7pTnig","Azienda Ulss 9 Scaligera - Distretto 1",3.6,175,"https://www.aulss9.veneto.it/index.cfm"
"ChIJT3o-oY3oRxMRf1TIOabl9cU","Studio Medico Associato",4.5,2,
"ChIJy8UOBhvpRxMRNJUkb6xUDb4","Casulli Studio Medico Associato",5,3,
"ChIJpUusiVvoRxMRElg1CN6RqZM","Studio Medico Associato Michele E Francesca Bellomo",5,2,
"ChIJJb7R_AHpRxMRvckAdNbAyo8","Studio medico associato GENNARI",5,1,
"ChIJVbhNB13oRxMRQaOk3DJ8VWM","Studio Associato Medico Odontoiatrico De Florio",3,2,
"ChIJjfeuwAjpRxMR-MYK3GFMitA","Studio medico associato - Piccinni Marchesi Rosselli",4,1,
"ChIJNV1OoY3oRxMRSFdulp8EiDA","Santanelli Dr. Nicola",5,2,
"ChIJzdltV2xRgUcRefmP1rhdQBI","Studio Medici Associati Direttore Santario Dr. Haim Reitan",4.3,3,"http://www.studiomediciassociatibergamo.it/"
"ChIJGzm1qaJWgUcRVguZORdFJuo","Studio Medico Associato dei Dott. Santinelli Costa",3.5,4,
"ChIJiTnCFkNXgUcRZWKVGdJw4Ns","Studio Medico Associato Dottori Bocchi Paola Cremaschi Annamaria Nowak",3,2,
"ChIJAXzIWdZTgUcRDNWzs8p-DZc","Studio Dentistico Associato Dr. Cottone",5,2,
"ChIJU75jVjBRgUcR4cAbvncZhUc","Studio Associato Lomboni - Scotti Medici Dentisti",5,1,
"ChIJ_YixDQlRgUcRyygZPOihKn0","Studio Medico Fassi Rizzi",5,5,"http://www.studiomedicofassirizzi.it/"
"ChIJA3AqYzRQgUcR1jWNDJVbItE","Studio Med.Ass.Dei Dott. Biffi Capra Cusimano Galli Orsini Sangalli",4.6,8,
"ChIJT75qMw5RgUcR8O9JhW4ay5E","Giraldi Dr. Mario",1,3,
"ChIJozGlsTfUf0cR6VGVxDg44M8","Studio Medico Associato Giuseppe Moscati Di Guidi Franco Macri' Luigi",5,2,
"ChIJ4diat5nUf0cRuPNw-u8bcPk","Studio Medico odontoiatrico Associato Lafratta Pasquini",4,2,"http://www.studiolafrattapasquini.com/"
"ChIJ1QUl-Z3Uf0cRKWc_YH53GF8","Studio Medico Dott. Quaranta Francesco",4.8,6,
"ChIJ7wLaJaLUf0cRQz20zPwC7tY","Caldari Studio Associato Medico Dentistico Dr.Roberto E Dr.Mauroo",3,4,
"ChIJ9-Q2PhsrfkcREH1FROYPtts","Studio Associato Medico Dentistico Dott. C. Orlandi D.Ssa R. Pavarini",5,4,
"ChIJ5ymtDJfUf0cRj8C7BnWYy0Q","Studio Medico Olivi-Tinarelli",4.3,12,"http://www.olivitinarelli.it/"
"ChIJqRmbA5XUf0cRk3LuUt2mvcM","Crooke Dr. Stefano Medico",5,4,"http://www.stefanocrookegeriatria.it/"
"ChIJEzBskyxRKhMR-P_4rloOiAg","Studio Medico Dr. Ettore Ermanno Morelli",5,6,
"ChIJ1YdOft9XKhMRReMqdaeuwD4","Studio Medico Dalmazia",1,10,"http://www.studiomedicoaffrico.it/medicina-generale.php"
"ChIJH-tYnLRWKhMRgri_ujzMhPI","Lombardi Arrigo Arrigo",5,1,
"ChIJ-TMHy3ZUKhMRGjODUFNYBTM","Lenzi Dr. Marco odontoiatra",5,3,
"ChIJLUu0mKlWKhMRkWIPf-bpbWA","Dott. Alberto Petracca",3.7,6,
"ChIJ1VjpbWVUKhMRPKmMpyepPZk","Studio Medico Affrico",2.3,16,"http://www.studiomedicoaffrico.it/"
"ChIJ_Q0yQfQuRBMRw19OkwfXioU","Studio Medico Associato Lupiae",5,2,"https://studiomedicolupiae.wixsite.com/medicinagruppolupiae"
"ChIJ0U2ISlUuRBMRXmzARribWiI","Studio Odontoiatrico Associato Coricciati & De Rinaldis",5,2,
"ChIJ6QHKblQuRBMRrD1GHmbSO_o","Di Cillo Medical Group",5,1,
"ChIJ_XmUY_AuRBMR6xwXnC9PeHM","Studio Professionisti Associati Rizzo Parisi Consulenza del Lavoro",5,1,"http://www.rizzoparisi.it/"
"ChIJi4EEWwLBhkcRkvBfkoZLiUg","Studio Medico Associato Comunita' Medica",4.4,7,
"ChIJrbQ0J8TGhkcRXmOuZhNyBEc","Studio Medico Boscovich",3.7,9,"http://www.studiomedicoboscovich.com/"
"ChIJ8SweHDnBhkcRacN9NHXXUMM","Studio Medico Associato Salus",5,3,"http://studiomedicosalus.altervista.org/"
"ChIJ9yEB-MHGhkcRhR7ADhZr0-g","Metis - Studio Medico e Psicologico",5,1,"http://www.metisonline.it/metisonline.it/home.html"
"ChIJ_7DxWDXBhkcRIbPW3dpzAF0","ICLID Studio Medico Associato",4.4,12,"http://www.iclid.it/"
"ChIJf1DCb6LGhkcR8CNpopnpHS4","Studio Medico Litta",5,1,"http://www.alfonso-santelia.it/"
"ChIJifQD8ZPGhkcRmTBv-Sa1AfE","Studio Medico Grandinetti Dr. Giuseppe",3.8,4,
"ChIJdyqYJqXGhkcRfQXvYD62c_o","Piccolo Studio Ginecologico Milanese - Studio Associato Agostoni-Locatelli",3.3,3,"http://www.piccolo-studio-ginecologico-milanese.it/"
"ChIJPdA6rKnGhkcRUnvtUtCPajU","Studio Medico Giovanni Broggi & Associati",5,2,"http://giovannibroggi.it/"
"ChIJxyeZBmjBhkcRpcNqgLafTow","Studio del Dottor Santanchè - Studio Associato",5,2,"https://www.santanche.com/"
"ChIJGztvTtTHhkcRpFLaW850YJY","L'Arco Studio Medico Associato",3.7,3,"http://www.larco.info/"
"ChIJu42aBy_afkcRUIqoaM3O2bg","Studio Associato Perongini-Boscolo Medicina Legale",1.6,5,
"ChIJ37IWCojafkcRluwtn19XZt0","Studio Medico Associato Aesculapio Dr. Ugo Stefanelli, Dr. Massimo Tirelli e Dr. Paolo Tognato",2,2,"http://www.studio-medico.org/Studio_Medico_Avezzu/Ricette.html"
"ChIJW99NuQvafkcR8tdTueOfJLE","Studio Associato Beccari Di Beccari Davide & C. S.a.s",5,1,
"ChIJnX2QmFDafkcR_0hlCvsJwEE","Ecomedica Srl",2.9,8,"http://www.ecomedicapadova.it/"
"ChIJz8f4b_vafkcRvCXQrh6pS8U","Ammendola Annamaria",3,4,
"ChIJ75l1WUHafkcRo3VPe-ApSK4","Corticelli Dr. Rita",5,4,
"ChIJq4Z7NaLbfkcRJS-Jfs3mW2o","Medicina Di Gruppo Integrata Guizza",4,5,"http://medicina-di-gruppo-integrata-guizza.business.site/"
"ChIJtZy7Nr7bfkcRxuSQWAOpB44","Gallo Dr. Marilena",4,2,
"ChIJWQU-gHnafkcRDpYKT57yBS8","CRISARA' DOMENICO",5,1,
"ChIJQ_QFdqjbfkcR6sXIRTCaHdY","BCL Partners Studio Associato",1,1,"http://www.bclpartners.com/"
"ChIJ2Qsk-FrafkcRf0l-P1h_Pvw","Studio Associato Avvocati Salmazo e Rabacchin",4,3,
"ChIJzfQyq3vafkcRENeL1Zzdlbc","Studio Dentistico Dott.ssa Calabrese - Dott. Sussan",5,6,
"ChIJBeOcW-zbfkcRizoA97KGJOY","Studio Medico Ventura",3,1,
"ChIJtZtTYV_dgEcRstDW6WfcYlQ","Medicina di Gruppo ""Melchiorre Gioia""",4.5,2,"http://www.ausl.pc.it/informazioni/docs/melchiorre%20gioia%20invito%20finale.pdf"
"ChIJV75loQPogEcRmtK1hkEkAZ4","Imaging | Poliambulatorio Medico Centro Diagnostica per Immagini",5,2,"http://www.studiomedicoimaging.it/"
"ChIJ3VaSWUvdgEcRadkl2JLujeM","Medicina Di Gruppo",3.5,8,
"ChIJaUujKMnCgEcRoS4AviJ_PWY","Medicina di Gruppo Besurica",5,1,"http://www.ausl.pc.it/informazioni/medicina_gruppo_approfondimento.asp"
"ChIJt8HaAOLngEcRF9n1JO5n5_Y","Stefania Livraga Studio Medico",5,15,
"ChIJa6ksCMnCgEcRo8W8squMJ9k","Ponticelli Dr. Pierino",5,2,
"ChIJ8dkv5aTfgEcRRj00SfTVwsU","Studio Associato di Fisioterapia Albertoni e Bianchi",5,2,"http://www.ab-fisioterapia.com/"
"ChIJ9Y5Q7xTdgEcR3hfxtM50bRQ","Fisiodom - Studio Associato di Fisioterapia",5,8,"http://www.fisiodom.it/"
"ChIJAUb4ZzvdgEcRvrr7XWVhS1w","Dottoressa Piva Pierra",4,1,
"ChIJN2xiZanCgEcRd7eo8TYiqX8","Pagani Dr. Augusto",5,1,
"ChIJIXw64zXdgEcRUn5LyQn0AwQ","Dott. Francesco Cavanna",4.3,4,"http://www.cavannafrancesco.it/"
"ChIJP_CwVYGR1RIRoVLJjHogOK0","Studio Medico San Giusto",5,1,"http://www.farmaciecomunalipisa.it/?page_id=657"
"ChIJK9ceqmmR1RIRbloYwg_Njjo","Centro Il Grillo Parlante",5,1,"https://www.centroigp.it/"
"ChIJWz2KZqKR1RIRdLmtjfJXtEU","Chiara Di Vanni - SYNOPSIS Centro di Psicologia Clinica e di Comunità",5,1,"http://www.synopsis-psicologia.it/"
"ChIJe7sMZeuR1RIRCwzI7xK7eSo","Studio Associato Di Podologia",4.7,13,"http://www.studioassociatopodologia.com/"
"ChIJE-pNEceR1RIRvvDTPW_duiQ","Studio Pediatrico Becattini Dau Picucci",4.4,7,"http://www.pediatria.it/"
"ChIJx3ZCI2iR1RIRm1BAjI1kQ0I","Studio medico CEP",3.5,2,"http://www.farmaciecomunalipisa.it/?page_id=657"
"ChIJWdR47ruR1RIR_3AxlKwhTxo","Studi Medici",3.4,14,"http://www.farmaciecomunalipisa.it/?page_id=657"
"ChIJa_zHr8mR1RIRiuHKEZkwW04","Studio Psicologico Associato di Pierotti Giacomo E Pandolfo Maria",5,1,
"ChIJgUntemeR1RIRy71Eeita4tg","Studio associato ForumSalute - Dott.ssa Elena Ferretti",5,33,"https://www.fisioterapia.pisa.it/"
"ChIJ-9aZE5yR1RIRC0VfE_7j5bc","Studio Dentistico Associato Prof. Marcello & Dr. Giovanni Bandettini",4.2,6,
"ChIJiaAJoIFgLxMRAmuiJQutdCc","Studio Medico Associato Andromeda",5,1,"https://sites.google.com/site/studiomedicoandromeda"
"ChIJXT5XNIeKJRMR7T_r96n3vbg","Studio Associato Dr. Maurizio Polidori Dr. Emanuela Polidori",5,1,
"ChIJ-Z8WWZJgLxMR_Y-vohjsHgw","Previmed Studio Medico Associato",5,1,"https://sites.google.com/site/assoprevimed/home-3"
"ChIJyTTHfltiLxMRbAHcjaV1COA","Studio Medico Dott. Beccari",5,1,"https://studio-medico-associato-dott-beccari.business.site/"
"ChIJ87Uev79hLxMRTErL4s87lC8","C. E M. Studi Medici",5,1,
"ChIJT5QnlG9hLxMRN37ZSN9pyzw","Studio Medico Associato Giannini Piscitelli",5,1,"http://www.claudiopiscitelli.it/"
"ChIJD159HlhgLxMRW4MkZSMAnaI","Studio Medico Odontoiatrico Associato - Dr. Roberto Michetti",4.5,2,
"ChIJ0ernSOhhLxMRjfnTX_QcGwc","Studio Pediatrico Associato",5,1,"http://spauno.it/"
"ChIJaQENvXJhLxMRZ84Lto8j6Ig","AIIMS Srl - Studi Medici Associati Roma",5,6,"http://aiims.it/"
"ChIJydn9z3phLxMRg2CgZy--SFY","Dott. Maurizio Nudo Dermatologo",5,2,"http://maurizionudo.it/"
"ChIJl6GkZdThgUcRG-pFfjRw3hU","Studio Medico dott.Bonomo Osvaldo",4,4,
"ChIJISdfw6xYf0cRvO_LVm0YWsg","Studio Medico Dentistico Associato Lombardo",4.8,106,"http://www.studiodentisticolombardo.it/"
"ChIJlVbmhPjhgUcRnN-VkCI5vyI","Dott. Alessandro Costanzo Ortopedico",5,6,"https://studio-dott-alessandro-costanzo.business.site/"
"ChIJl6GkZdThgUcRlvsgmM96V54","Studio Medico dott.ssa Russo Anna",1,1,
"ChIJj6ZHmThff0cRNSHbxiABpUk","Studio Medico Ciani Calzolari",5,1,"http://www.studiomedicocc.com/"
"ChIJXWkhrjVff0cR1T_sPv7CiMA","Studio Associato Mantelli",5,1,
"ChIJ5ZZSfg1ef0cRAmhtyDaTl-w","Poliambulatorio Vita",3.4,5,"http://www.poliambulatoriovita.it/"
"ChIJ4W57ckzjgUcRaZT9gaGylhg","Studio Ginecologico Verona (Bergamini, Giudici, Marcolongo, Scarperi, Papadopoulos)",3,2,
"ChIJSY_RLmLggUcRBHbv2wB63Bg","Studio Associato Dottori Commercialisti Loro-Taddei",1,1,
"ChIJGSgCb5lff0cRl8nOQnhnNqI","Studio Ortodontico Specialistico Giunta Mirabella",5,3,"https://giuntamirabella.com/"
"ChIJXZDcTUhff0cRx6s6YxBI67g","Studio Legale Associato Avvocato Paola Adami Avvocato Gabriella Erbifori",5,1,"http://www.adamierbifori.it/"
"ChIJ2W2oporoRxMRc4086KrT7_Y","Poliambulatorio Centro San Camillo Bari",4.4,22,"http://www.centrosancamillo.it/"
"ChIJqez_wVDoRxMRV_kJWDRJ5OQ","Centro Medico Medialife Srl",5,3,"http://www.cmmbari.it/"
"ChIJgS7PAgLpRxMRjk3AXDqINb4","Polymedic Studio Medico Polispecialistico",4.7,10,"http://www.polymedic.it/"
"ChIJ0fZxZV3oRxMRkWNCWRw8Fys","Rm 2000 Centro di Diagnostica Clinica",3,19,"http://www.rm2000srl.it/"
"ChIJoU8gwvXoRxMRxuea-sLnTB8","A.I.E.D. Associazione Italiana Educazione Demografica",5,4,"http://www.aiedbari.it/"
"ChIJdbvci1DoRxMRsjLfix7lN0A","Studio Oculistico dott. Ciracì",4.4,56,"http://www.oculisticaciraci.it/"
"ChIJDb9Zf_boRxMRIdH-IMIKezg","Studio Medico MBA",5,1,"http://www.studiomedicomba.it/"
"ChIJZRj4vlLpRxMRdK_XbQDb-WU","Bari Poliambulatorio",5,22,"http://www.baripoliambulatorio.it/"
"ChIJj2rjk8VRgUcRAzHfDWtzxVQ","Centro Medico Panacea Poliambulatorio Specialistico",5,28,"https://www.centromedicopanacea.it/"
"ChIJnWmKI3NRgUcRJLje1r0LvFQ","Centro Medico Polispecialistico Zendrini",1,1,"http://www.centromedicozendrini.it/"
"ChIJua78Y45QgUcR71j87b4QvIo","Centro Medico M.R.",3.9,28,"http://www.centromedicomr.it/"
"ChIJm_g0yJFQgUcR67VtA_LMfzU","Radiology and Physiotherapy Center Bergamo",4,79,"http://www.centroradiofisio.it/"
"ChIJffC-MA5RgUcRslrXGIMmWMI","Centro Medico Polispecialistico Baldini Dott.ssa Laura e Baldini Dott. Alberto",5,1,"https://www.studiodentisticobaldini.it/"
"ChIJX7DTybbUf0cRONXRqIBPS1E","Centro Medico Specialistico Bolognese S.r.l.",5,4,"http://www.centromedicobo.it/"
"ChIJmRFoSprUf0cRXJtUalf-G2g","Centro Medico Specialistico Bolognese S.r.l.",4,1,"http://www.centromedicobo.it/"
"ChIJ16_TybbUf0cRbhJEh_mNJ_E","Medical Center Santagostino Bologna",3.4,28,"https://www.cmsantagostino.it/it"
"ChIJFYo2C6vUf0cR5BKJQ6r_Slg","Centro Medico San Donato",4.2,17,"http://www.centromedicosandonato.it/"
"ChIJy-g7eJvUf0cRTho-YRN_Av8","ambulatorio cairoli",4,4,
"ChIJJYZYAYXUf0cRX08nYERXQFA","Centro Medico Diagnostico Zanardi dei Lab. Clinici Stante srl",3,2,"http://www.labstante.it/web/laboratori-clinici/poliambulatorio-specialistico/"
"ChIJCW1hTpDUf0cRfT6C3PXn0nM","Studio Medico Dr Giuseppe Oranges",5,2,"https://lasersalutemedicoassistito.business.site/?utm_source=gmb&utm_medium=referral"
"ChIJkxk825vUf0cRH5p8V2Bm0jU","Poliambulatorio D.S.C. - Centro Oculistico Bolognese Multimedical Center",3.9,36,"http://www.poliambulatoriodsc.com/"
"ChIJo-pgx2RUKhMRnCxnFVE7b0o","Ambulatori PAS Firenze Campo di Marte",3.2,6,"https://www.retepas.com/ambulatori/?utm_source=GoogleLocal&utm_medium=main_link&utm_campaign=CampodiMarte"
"ChIJJ2hgGaZTKhMRVsWMnvCz_9Q","Toscano Medical Center",4.3,80,"http://www.cmt-firenze.it/"
"ChIJcZOZnb5WKhMRJ_vU8lMeaX4","Medlight Medical Institute",4.4,17,"https://www.medlight.it/"
"ChIJyc4BW4JTKhMR3lex4cEIA38","Centro Medico Firenze MediSalus - Medicina Dello Sport",4,7,"http://www.medisalus.it/"
"ChIJX12lWrxWKhMRfQUYacpFQXg","MEDICAL INSTITUTE MEDLIGHT",2.8,9,"https://www.medlight.it/"
"ChIJsQim0z1UKhMRV0XuITLTUz0","Studi Medici E Specialistici Della Nave",3.9,28,"http://www.studimedicidellecure.it/"
"ChIJcVx9gqhWKhMRZxDFXU8sow0","Studio Odontoiatrico Specialistico Dr. Luigi Mineo - Dr. Perla Collini",5,3,"http://www.studioodontoiatrico-fi.com/"
"ChIJn8fFHLBWKhMRmIW6idfQ99A","C.R.O. Firenze",4.7,150,"http://www.cro.firenze.it/"
"ChIJt2mAMKhhLxMRipfo_qSDQeE","Cemial Studio Medico Specialistico Acufeni e Sordità",5,2,"https://www.cemial.com/"
"ChIJ08wTL9YuRBMRh-F3hHROF5k","Centro Veterinario Lupiae",5,7,"https://centro-veterinario-lupiae.business.site/"
"ChIJQc0V-AuhRxMRyG5tCnxGPA8","Centro medico Epion - Studi Medici e Sanitari",5,2,"http://www.studiepion.it/come-arrivare-allo-studio-medico-e-sanitario-epion"
"ChIJZTfgxIouRBMRvEgJm3VLhtw","Polismail",4.2,5,"https://www.polismail.it/"
"ChIJ77KnQSAvRBMRV32vgDWTqqQ","Laboratory analysis Pignatelli",2.6,59,"http://www.labpignatelli.it/"
"ChIJczWeEfYvRBMRaI4dmfXPZ8c","Istituto Santa Chiara - Lecce",4.7,6,"https://www.istitutosantachiara.it/"
"ChIJYQxQycLGhkcRo2zTOoEqrSA","Andromeda Centro Medico - Poliambulatorio Specialistico di Milano",4.3,8,"http://www.andromedacentromedico.it/"
"ChIJhb26sM_GhkcRQQUJuLKXAxI","Centro Medico Milano Unisalus",4.3,44,"http://www.centromedicounisalus.it/"
"ChIJve_vgWPDhkcRQfFrikHAFRI","Centro Medico Santagostino (civico 18)",2,1,"https://www.cmsantagostino.it/"
"ChIJh6VvXKTGhkcRDtS3e4YmfbA","Centro Medico Prof. Savino",3,2,"http://mariosavino.com/"
"ChIJeXSdCK3DhkcR2eSo5Hndnis","Centro Medico Santagostino Barona - Punto prelievi",5,1,"https://www.cmsantagostino.it/"
"ChIJZY2Yf13GhkcR2fuYORfnc7A","Polispecialistico Lambrate S.R.L.",4.2,17,"http://www.polispecialisticolambrate.it/"
"ChIJk6kqTPDGhkcR4XV2eQ97mXs","Center Polispecialistico Pacini Srl",3.9,51,"http://www.polispecialisticopacini.it/"
"ChIJ_T9_5xjEhkcRE4EIvmR2hp0","Studio Specialistico",1,1,"http://www.polispecialisticomilano.it/it/"
"ChIJRzE9jALEhkcRRlPb6Qi-vpQ","Centro Medico S. Sofia",4.5,2,"http://www.somed.mi.it/"
"ChIJVVUROJPGhkcRMknE5IeKsyY","Medical Center Santagostino Città Studi",2.8,21,"https://www.cmsantagostino.it/"
"ChIJNa6_t_nChkcR6bmjua0uo-w","Santagostino Buccinasco Medical Center",3.4,17,"https://www.cmsantagostino.it/"
"ChIJJYICnWDBhkcRi9uvlyCrbL4","Salutati Clinic",5,3,"http://www.salutaticlinic.it/"
"ChIJZ1OCkQbHhkcRue--H85s-VM","Centro Medico Santagostino Cimiano - Punto prelievi",2.8,23,"https://www.cmsantagostino.it/"
"ChIJW0eMpq7BhkcRm6Vf0GGaVq8","Studi Medici Specialisti",3,1,"http://www.studimedicispecialisti.it/"
"ChIJI_FG2gPEhkcR-mvtE-czK0A","Centro Medico Galeno",5,7,"http://www.galenomilano.it/"
"ChIJQ39dQJPDhkcR-mbQHuWbqI0","Medical Center San Marco",4.7,59,"http://www.cmsanmarco.com/"
"ChIJqcJzj-HDhkcRklmmqb-OyGo","Santagostino Foppa Medical Center",3,4,"http://www.cmsantagostino.it/"
"ChIJDwMqkcDGhkcR6nZi1EH210g","Althea Medical Center",4.8,23,"http://www.centromedicoalthea.com/"
"ChIJJYIVtcLafkcRBwSPN9p7zGM","Synlab Cemes - Centro Medico Specialistico - divisione di Data Medica Padova Spa",2.9,40,"http://www.datamedica.it/"
"ChIJx5eDyJjbfkcRLygqXxrG_QQ","Poliambulatorio Padova Medica",2.3,16,"http://www.gruppoimed.it/padova-medica/"
"ChIJs0cBWTTafkcR-VL99AiXNGc","Medical Center - Padova",2.8,8,"https://padova.centrodimedicina.com/"
"ChIJx5eDyJjbfkcRsffsLdJyWRk","Radiological Center Guizza",3.7,17,"http://www.centrodiagnosticocastellano.it/"
"ChIJdzzXQbXbfkcRvWy0oZm6b9o","Phoniatrics Medical Center - Nursing Home",4.3,41,"http://www.centrofoniatria.it/"
"ChIJ98LZ633afkcR96Bj1s2yIiI","Data Medica Padova S.p.A. - Group Data Medica",2.3,140,"http://www.datamedica.it/"
"ChIJ35flfpTbfkcRhHINxFp-4lg","Euganea Medical Clinic",2.6,9,"http://www.gruppodatamedica.net/categorie/poliambulatorio/"
"ChIJL8eJoAmR1RIRyEINeQj2SDM","Centro Medico Chirurgico Esculapio",4.1,15,"http://www.esculapiopisa.it/"
"ChIJaZJZFseR1RIRHlFBqLSrjP4","BIOMEDICAL CENTRO MEDICO",3.9,21,"http://www.centromedicopisa.it/"
"ChIJT-8JVAuR1RIRoJx3JiW0vV8","Clinical Research Center Pisa",4.8,35,"http://www.centroricercheclinichepisa.com/"
"ChIJUVRtmmGKJRMR1GKky9P27S8","Studio Medico Colombo - Analisi cliniche",3.1,75,"http://www.colombolab.com/"
"ChIJ1QOFlQlhLxMRhvmvxA1lJJs","Centro Medico Castelfidardo",5,1,
"ChIJh1W68YxgLxMRtXaGKDDfrQ4","Medica Montezebio",5,1,
"ChIJG4Q38eRlLxMRem55ItP7qxU","G.S.C. SRL - Poliambulatorio",5,1,
"ChIJS30igctgLxMRggVXzLz8c3o","Remedica",5,1,"http://remedica.it/"
"ChIJs0PtmhFkLxMR30dQ4XrB-mw","Centro Medico Tiziano Odontoiatria Bimbi",3.3,7,"http://www.centromedicotiziano.it/"
"ChIJWTLkWglhLxMR3mi9DsZZG_E","Centro Medico Eudermico Italiano",5,15,"http://www.cmeit.it/"
"ChIJKTqoLl6KJRMRt3KGOxAp__s","Centro Medico Michelangelo Srl",3.8,13,"http://www.centromedicomichelangelo.it/"
"ChIJ9zihqMtgLxMRToSgO2AnqC4","Centro Polispecialistico di Ricerca - CPR Srl",5,1,"http://www.cprstudiomedico.it/"
"ChIJ4e0I7zmLJRMRjtlb1OxCOKw","Poliambulatorio Specialistico | CareLab",4.2,10,"http://www.carelabroma.com/"
"ChIJsVlqP3xkLxMRy2iBjz6eTEk","Saneb",4.5,8,"http://www.saneb.care/"
"ChIJ4ZOBJuCKJRMR6s20vKtr3uw","Studio Medico Pasteur",4.7,3,
"ChIJExj6VU9hLxMR4U8JA6PbB8o","Lyceum Centro Specializzato di Fisioterapia, Ortopedia e Cultura Fisica",5,2,"http://www.lyceumsrl.it/"
"ChIJSTIJhfljLxMR9p8hzEd0iLs","Studio Polispecialistico Nomentano",2.6,113,"http://www.studionomentano.it/"
"ChIJLUkrMYnhgUcRkooEb9rj_Gg","CEMS srl",3.6,90,"http://www.cemsverona.it/"
"ChIJe-pfxPnhgUcRf4yNu4vS8As","Centro Medico Polispecialistico Saval",2.6,20,"http://cpspoliambulatorio.it/"
"ChIJJ9YMFp1ff0cR4E3CpsPS660","Poliambulatorio Specialistico Verona",3.4,15,"http://www.polispecialisticoverona.it/"
"ChIJ5ZZSfg1ef0cRAmhtyDaTl-w","Poliambulatorio Vita",3.4,5,"http://www.poliambulatoriovita.it/"
"ChIJZ88BNTXjgUcR5u9YsJS0srw","Poliambulatorio Studio D'Aloja, Studio Odontoiatrico",4.5,6,"https://www.studiodaloja.it/"
"ChIJkxEga6tYf0cRE_AKgGOYx8g","Centro Colonoscopia Verona Borgo Milano - Indolore con sedazione",4.8,4,"https://www.eccellenzamedica.it/centri/verona-borgo-milano/colonscopia"
"ChIJSS_T4DVff0cR4Pj72GNY3ks","Tecnomed Verona",3.2,54,"http://tecnomedcentridiagnostici.it/"
"ChIJSZXaJkZff0cRdjsg8KlvLF4","Tecnomed Verona - ( Ex Centro Diagnostico De Iorio E Volino ) Tecnomed Verona",3.8,25,"https://tecnomedcentridiagnostici.it/"
"ChIJVxyoDUlff0cR8I0UfvaqPTk","Courtyard Of The Old Market",4.8,47,
"ChIJdT3Wij7hgUcROCCQ9I-66SQ","Meglio in Salute Verona",4.5,15,"https://www.facebook.com/MeglioinSaluteVerona/"
"ChIJMSRnrI_hgUcRsQGXBCKzc3Y","Effetto Sole",4.4,78,